3.834594661000000126e+00,1.893305272000000095e+00,2.025344099999999870e+00,1.332124057000000050e+01,1.784399060000000092e-01,-4.229538448999999645e+00,2.789784658999999944e+00,-3.707002919999999868e-01,2.010772799999999805e+00,-9.940103230000000067e+00,-7.306436451999999804e+00,-8.994031707999999625e+00,8.494565570000000010e-01,-7.877672380000000363e-01,6.187292562999999745e+00,2.021416934999999970e+00,2.554321369999999813e+00,-3.548530739000000267e+01,4.753082434000000234e+01,1.354340430000000040e-01,7.481667516999999989e+00,-1.771330980000000110e+01,3.623259585000000271e+01,4.832136636999999624e+00,4.785234876999999720e+00,-2.111198196000000138e+01,1.150977637000000087e+01,-4.276135326000000347e+00,3.940636900999999970e+00,1.000000000000000000e+00
3.699380531000000083e+00,8.668385440000000441e-01,4.267669632999999685e+00,1.176883776999999931e+01,1.144385029999999970e-01,-4.803166983999999751e+00,-1.097012235000000002e+00,-3.155583218999999939e+00,1.197911610000000016e+00,-1.018714033999999913e+01,-8.509321733000000165e+00,-9.258432940000000499e+00,3.347736900000000126e-01,-7.925524600000000142e-01,2.329805155999999933e+00,2.337187420000000071e-01,8.002166920000000072e-01,-3.699564320999999723e+01,9.989259230000000045e+00,4.056796399999999803e-02,5.544833612999999772e+00,-8.516710500000000295e+00,2.367138704999999987e+01,5.572417703000000166e+00,4.376409357000000000e+00,-1.488371592999999926e+01,3.649760959000000327e+01,-2.350359634000000142e+00,7.346698141000000071e+00,1.000000000000000000e+00
3.143650141000000175e+00,1.382562883999999936e+00,2.273784561999999898e+00,1.350898220000000016e+01,2.093023260000000108e-01,-5.885823551999999736e+00,2.306477196999999979e+00,-2.276412242999999780e+00,2.266862042000000077e+00,-9.903017757000000643e+00,-8.119326106999999126e+00,-9.097113586000000751e+00,3.412789199999999856e-01,-3.253951230000000083e-01,3.750418056000000000e+00,1.538311517999999989e+00,1.468383100000000052e+00,-2.717846038000000064e+01,1.923071999000000076e+01,2.629218520000000114e-01,4.746214544999999951e+00,-6.036160444000000069e+01,8.016691901000000087e+01,5.034556672999999982e+00,1.246238072999999957e+01,-4.877654895999999951e+01,4.793728189000000128e+01,-3.955440380000000200e+00,1.127592742999999942e+01,1.000000000000000000e+00
1.492476013999999962e+00,1.286517538000000016e+00,1.160089909999999946e+00,1.060003644999999928e+01,4.233766230000000075e-01,-4.157161959999999823e-01,6.639496080000000244e-01,1.311270700000000122e-01,2.340135000000000132e-01,-1.010638971000000019e+01,-9.345539347000000774e+00,-9.758378369000000774e+00,1.177419140000000031e-01,1.038393260999999956e+00,1.653294338999999891e+00,1.364509318999999943e+00,1.056846659999999966e-01,-6.190774010000000160e+00,6.138650580000000190e+00,3.103705090000000166e-01,2.038326565999999840e+00,-1.783294035999999849e+01,2.826220979000000000e+01,4.911803445000000323e+00,5.973401331999999897e+00,-1.023307791000000044e+01,1.010411728999999958e+01,-3.949773287000000188e+00,2.330749970999999920e+00,1.000000000000000000e+00
1.519046942999999983e+00,1.951251698999999951e+00,7.784987159999999795e-01,1.564434656999999973e+01,2.248520709999999867e-01,-1.104788222000000042e+00,2.749110268999999995e+00,-2.380793409999999999e-01,7.361934079999999936e-01,-1.056098584000000074e+01,-8.852063287000000003e+00,-9.774877190999999854e+00,1.603035869999999974e-01,3.236006650000000096e-01,1.662266631000000050e+00,1.035474275000000111e+00,1.599281569999999875e-01,-1.072925837999999921e+01,1.580629521000000004e+01,2.381188780000000060e-01,2.850877716999999922e+00,-8.337264660000000660e+00,3.279321724999999788e+01,5.301420278000000152e+00,4.531800088999999865e+00,-2.034933713999999938e+01,3.906218971999999923e+01,-3.433864350999999981e+00,6.660810613999999852e+00,1.000000000000000000e+00
1.407274074999999902e+00,1.434206709999999996e+00,9.812212319999999988e-01,1.532557575000000050e+01,3.247734139999999825e-01,-2.204193067999999922e+00,6.477994820000000376e-01,-6.153344339999999857e-01,6.955528859999999813e-01,-1.122613175000000041e+01,-8.140859607999999525e+00,-9.685441771000000699e+00,3.090242990000000023e-01,5.174021720000000490e-01,2.546934622000000203e+00,1.678067771000000041e+00,4.511944299999999797e-01,-2.629618500000000125e+01,2.670762999000000093e+01,1.457881560000000021e-01,7.441190362999999586e+00,-6.610098449999999737e+00,4.940691127000000193e+01,6.236461620000000039e+00,1.141839880000000029e+01,-1.903340097999999969e+01,1.106116177000000000e+01,-3.370779436999999934e+00,4.904579205000000108e+00,1.000000000000000000e+00
1.528451170999999942e+00,1.516916637000000012e+00,1.007603934000000034e+00,1.254093860999999954e+01,3.211077840000000072e-01,-9.474740350000000477e-01,8.715086300000000064e-01,-1.323888830000000127e-01,4.004599389999999870e-01,-1.384663916999999955e+01,-7.865111167000000236e+00,-9.714020364999999657e+00,4.167076189999999736e-01,9.450814200000000331e-02,2.736549060000000200e+00,1.615039388000000020e+00,4.134275740000000199e-01,-4.324633997000000107e+01,5.609936319999999910e+01,1.858399599999999985e-01,7.363146698000000434e+00,-1.410943918000000075e+01,3.432598380000000304e+01,5.394895316000000385e+00,6.220338564000000403e+00,-1.168359844999999986e+01,7.943290300000000137e+00,-3.520017160000000089e+00,3.222589145999999793e+00,1.000000000000000000e+00
2.205916815999999780e+00,1.175786358000000087e+00,1.876120436999999974e+00,1.621344142999999960e+01,3.468875499999999890e-01,-1.518111806000000064e+00,8.093007380000000195e-01,-1.911412190000000011e-01,5.431986490000000334e-01,-1.047664628999999969e+01,-8.754564380999999784e+00,-9.755512386999999563e+00,1.258054220000000001e-01,5.790119099999999630e-01,2.110283078000000145e+00,1.205545831000000012e+00,3.462446020000000124e-01,-2.428489620999999943e+01,1.955970402999999891e+01,2.077896019999999899e-01,3.535360561000000068e+00,-1.788527872999999957e+01,3.204552625000000177e+01,5.448286516999999662e+00,6.439279772999999985e+00,-2.005773764999999997e+01,7.920859570000000183e+00,-3.397190290000000168e+00,3.789661340999999961e+00,1.000000000000000000e+00
1.696965840000000059e+00,1.030664325000000048e+00,1.646477712999999898e+00,1.668424225000000050e+01,7.174447170000000096e-01,-1.960146726000000061e+00,1.708324396999999939e+00,1.286897199999999936e-02,6.112031549999999980e-01,-1.092765349999999991e+01,-8.040968089999999791e+00,-9.556856058999999348e+00,2.100937690000000135e-01,8.804809220000000547e-01,3.103216725999999870e+00,2.319065294000000055e+00,5.056638709999999870e-01,-2.019502643999999947e+01,3.680893540000000286e+01,1.661455450000000056e-01,4.892263299999999759e+00,-5.804376234000000068e+01,5.628566846999999740e+01,5.539725177000000222e+00,1.075192664000000065e+01,-1.275279658000000005e+01,1.807450335000000052e+01,-3.007745766000000209e+00,3.985587210999999908e+00,1.000000000000000000e+00
1.168835936000000020e+00,1.240537259999999975e+00,9.422013940000000254e-01,4.987649839999999557e+00,3.177570089999999792e-01,-2.227521026999999876e+00,1.172379489999999941e-01,-1.270535227000000100e+00,6.079169530000000377e-01,-1.100122630000000079e+01,-8.709104767999999552e+00,-9.606457755999999293e+00,2.333860339999999922e-01,1.148453375999999970e+00,2.891470635000000122e+00,1.895527323999999902e+00,4.641934810000000189e-01,-2.777661317999999824e+01,1.868490556000000069e+01,-2.240935229999999889e-01,6.475249804999999803e+00,-3.008011893999999842e+01,2.666215104999999852e+01,6.492070103999999731e+00,8.942438857000000851e+00,-1.855487873999999948e+01,2.090825223999999949e+01,-1.901083440999999929e+00,5.972169377000000168e+00,1.000000000000000000e+00
1.935489408000000022e+00,1.314751959000000081e+00,1.472132742999999966e+00,8.738670103000000466e+00,5.523193100000000078e-01,-2.022354616999999966e+00,4.139217379999999835e-01,-8.200789389999999512e-01,6.912437340000000541e-01,-1.115854047999999921e+01,-8.948365887999999657e+00,-9.619267590999999840e+00,1.854920999999999931e-01,1.069497206000000089e+00,2.746119504999999794e+00,1.949850537000000106e+00,4.629381530000000189e-01,-9.682490980000000746e+00,2.551132438999999863e+01,-7.683586400000000372e-02,4.355780055000000317e+00,-2.573603423000000134e+01,3.105857413000000022e+01,5.684081745000000296e+00,7.874893236000000130e+00,-1.545196108999999929e+01,5.872186229999999618e+00,-3.367720531999999878e+00,3.727098000999999883e+00,1.000000000000000000e+00
1.923607571000000016e+00,1.032410191000000088e+00,1.863220247000000107e+00,1.675581568999999860e+01,7.617426819999999488e-01,-2.051664103999999877e+00,2.165313135999999972e+00,-2.498703509999999905e-01,1.014504722999999942e+00,-1.001487232999999932e+01,-8.192898901999999595e+00,-9.236575552999999772e+00,2.644466879999999853e-01,1.880592403000000079e+00,4.725407119999999850e+00,3.279057160999999887e+00,6.805107790000000101e-01,-1.638180234000000013e+01,1.097621134999999981e+01,1.181900250000000041e-01,4.110236529999999888e+00,-1.991899825000000135e+01,3.417644560000000098e+01,5.286893240000000382e+00,6.962221028000000089e+00,-1.594543715000000006e+01,1.403697194999999986e+01,-3.481331704000000027e+00,4.538833889000000177e+00,1.000000000000000000e+00
3.949695096000000127e+00,1.848423807000000085e+00,2.136790858999999987e+00,2.396382210999999884e+01,4.021539869999999905e-01,-5.069943132999999769e+00,1.290813742000000097e+00,-1.272771137000000108e+00,9.201099889999999615e-01,-1.069616837000000054e+01,-8.062501591000000190e+00,-9.457389959000000346e+00,2.703792460000000175e-01,3.828177900000000189e-02,4.925190155000000125e+00,2.379597152000000104e+00,6.793893720000000469e-01,-3.979200755000000100e+01,3.865573217000000028e+01,1.736714159999999951e-01,6.057237037000000157e+00,-2.868193677000000008e+01,3.896914490999999714e+01,5.599092533000000316e+00,6.015910339000000384e+00,-3.948274983000000304e+01,2.573833610000000149e+01,-3.546008114999999794e+00,5.630657772000000172e+00,1.000000000000000000e+00
2.955673199999999876e-02,1.115350604999999939e+00,2.649994699999999939e-02,4.211834300000000297e+01,5.010019999999999578e-04,-2.849599938999999971e+00,8.786864629999999732e-01,-1.291252861000000030e+00,7.930634749999999622e-01,-1.053107819999999961e+01,-8.804809216000000660e+00,-9.659159492000000569e+00,1.451148899999999964e-01,-9.289312979999999609e-01,2.070804993999999954e+00,2.488791539999999913e-01,7.765119929999999560e-01,-3.880505543000000301e+01,2.370191216999999995e+01,-1.627929780000000048e-01,5.976525557999999627e+00,-6.910211223000000302e+01,6.042787660999999844e+01,5.598005919000000219e+00,1.334675760999999916e+01,-2.481305241000000095e+01,3.211614033000000035e+01,-3.599691823000000124e+00,5.668522610000000128e+00,1.000000000000000000e+00
2.416002935999999934e+00,1.560862868999999931e+00,1.547863674000000023e+00,1.423059259000000054e+01,6.781115880000000429e-01,-3.173200603999999814e+00,1.579123392000000070e+00,-7.976161699999999577e-01,1.156205579999999955e+00,-1.026908726999999999e+01,-8.646896876999999648e+00,-9.566850464999999915e+00,2.844210890000000158e-01,-8.870606020000000314e-01,3.814420405999999986e+00,1.007261141000000082e+00,1.216638934999999977e+00,-4.628944234000000080e+01,3.061057701000000009e+01,3.382129100000000332e-02,9.783368132999999744e+00,-4.231982061000000073e+01,3.881960671000000218e+01,6.220197838999999895e+00,1.093989477999999949e+01,-3.456294305000000122e+01,2.471399943000000121e+01,-4.138339740000000155e+00,8.589760484999999335e+00,1.000000000000000000e+00
1.978931736000000052e+00,2.669182151999999864e+00,7.414000330000000138e-01,1.439791111999999984e+01,3.355592649999999955e-01,-2.412948394999999913e+00,-1.932033539999999938e-01,-1.179745035000000053e+00,4.360536019999999846e-01,-1.033189330999999989e+01,-9.051846321999999390e+00,-9.695858207000000561e+00,1.373026360000000057e-01,-4.725407119999999739e-01,1.988858060000000094e+00,3.664464720000000231e-01,6.865287249999999508e-01,-1.313682340000000082e+01,1.526795768999999936e+01,-9.199878100000000170e-02,4.716230782000000232e+00,-3.594201637999999832e+01,3.827379228000000211e+01,5.479706465999999665e+00,8.299252013000000261e+00,-1.944463103000000004e+01,1.546506175999999932e+01,-3.391784352999999808e+00,4.518674801999999602e+00,1.000000000000000000e+00
2.535630926000000063e+00,3.018189587999999812e+00,8.401165170000000071e-01,1.235840531999999925e+01,5.759444870000000050e-01,-4.472388485999999830e+00,1.916481571000000050e+00,-1.028501152999999890e+00,5.583080780000000409e-01,-1.064831614999999942e+01,-8.907093344999999829e+00,-9.721921933999999155e+00,1.584620710000000099e-01,-6.980443179999999970e-01,1.520504418000000024e+00,4.224346899999999877e-02,4.436616729999999786e-01,-1.967911965000000052e+01,1.274076211000000036e+01,4.619902000000000383e-03,4.108951438000000067e+00,-4.415914046999999698e+01,5.090977018000000243e+01,5.408197117000000276e+00,9.778296455999999637e+00,-2.772904730999999856e+01,1.847825648999999970e+01,-3.410572774999999890e+00,4.425307518000000329e+00,1.000000000000000000e+00
3.852929828999999806e+00,1.810391150000000060e+00,2.128230591999999977e+00,1.262605645999999915e+01,7.276867030000000458e-01,-2.097721869999999988e+00,1.935622460999999905e+00,-6.413056470000000342e-01,1.061817601000000000e+00,-1.037854923000000085e+01,-8.810790744000000174e+00,-9.618119119999999356e+00,2.318209240000000115e-01,-1.058132303000000052e+00,3.296420080999999946e+00,3.940475469999999980e-01,1.210059358999999946e+00,-4.667076474999999647e+01,1.419875955999999917e+01,-5.502143599999999996e-02,5.956032124000000039e+00,-2.421822149999999851e+01,2.447889332999999823e+01,5.411883886000000032e+00,7.822467145000000066e+00,-2.058112135000000009e+01,2.056431437999999901e+01,-3.979964602999999990e+00,4.528894185000000405e+00,1.000000000000000000e+00
5.020066900000000332e-02,1.721524346999999899e+00,2.916059199999999907e-02,5.908618787000000339e+01,5.271479999999999612e-04,-2.656994737999999856e+00,4.049494459999999907e-01,-1.323109461999999903e+00,6.087321169999999615e-01,-1.093243872999999944e+01,-8.402850534000000593e+00,-9.616152843000000061e+00,2.345653809999999895e-01,-2.794569881999999783e+00,3.246175245999999959e+00,-5.255603779999999947e-01,1.065292957999999901e+00,-7.611483633000000282e+01,3.895480856999999730e+01,5.560786699999999833e-02,1.093061325999999944e+01,-4.608818325000000016e+01,4.241600042000000315e+01,7.579983848000000357e+00,1.016118752999999941e+01,-2.141853526999999957e+01,1.930071659000000039e+01,-3.561168558999999956e+00,5.142677975999999873e+00,1.000000000000000000e+00
1.213645325000000108e+00,1.374371360000000042e+00,8.830548719999999907e-01,1.188470955999999923e+01,3.404864089999999899e-01,-1.925453862999999988e+00,1.330889980000000028e+00,-1.729363170000000061e-01,1.002549636999999993e+00,-9.992740677000000460e+00,-9.408345390999999225e+00,-9.693188358000000449e+00,9.252209499999999864e-02,-8.290397809999999756e-01,2.817299690000000245e-01,-2.647861819999999811e-01,2.459982719999999901e-01,-7.678679100000000091e+00,6.841480119999999943e+00,-2.064613809999999994e-01,2.703356934999999961e+00,-1.001956941000000079e+01,2.829211743000000112e+01,6.118088646000000352e+00,7.856544874999999983e+00,-1.098824581999999950e+01,2.285972574999999907e+01,-2.953813289999999814e+00,6.845356784999999888e+00,1.000000000000000000e+00
6.400088900000000525e-02,1.011627422000000109e+00,6.326527699999999477e-02,2.628085885999999860e+01,1.369238000000000052e-03,-3.654713609999999946e-01,9.271368399999999621e-01,1.475429729999999939e-01,1.431809960000000048e-01,-1.005554672000000060e+01,-9.485507101999999691e+00,-9.811754587999999444e+00,4.366147699999999715e-02,-9.091922600000000576e-02,5.885823550000000015e-01,2.318788250000000106e-01,1.038734939999999968e-01,-6.818834449999999769e+00,5.286282840000000149e+00,2.929526310000000189e-01,1.034070896000000017e+00,-1.541789842999999927e+01,3.641204169000000235e+01,5.397083718000000196e+00,5.636319395000000121e+00,-1.235652035000000026e+01,6.246031730000000337e+00,-3.521162781000000130e+00,1.436018312999999935e+00,1.000000000000000000e+00
1.531924016000000055e+00,1.842918156000000085e+00,8.312490769999999474e-01,1.307146490000000050e+01,1.568799300000000008e-01,-1.655088797999999972e+00,1.284832213999999917e+00,1.707289489999999910e-01,3.372870709999999939e-01,-1.217958731000000050e+01,-8.408832062000000107e+00,-9.805306616999999392e+00,2.264136140000000130e-01,-1.332684438000000027e+00,1.341058577999999946e+00,6.413922299999999521e-02,3.028650970000000275e-01,-2.649806157000000084e+01,3.387050976999999818e+01,-4.897076730000000100e-01,5.448382794999999668e+00,-5.661567252999999766e+01,9.690772049999999638e+01,5.685602506999999584e+00,1.574999399999999916e+01,-1.859974019999999939e+01,1.103125413000000066e+01,-3.696425341999999947e+00,3.329059650000000037e+00,1.000000000000000000e+00
1.658415736000000029e+00,1.565778477000000057e+00,1.059163706999999954e+00,6.738851750000000251e+00,1.400220510000000085e-01,-2.912405983000000198e+00,2.373470310000000083e+00,2.067311960000000060e-01,5.067858250000000231e-01,-1.063156786999999959e+01,-9.246844134999999909e+00,-9.800460170999999221e+00,1.333608769999999888e-01,-1.402668315999999971e+00,1.769335982000000085e+00,9.677665100000000520e-02,4.218889860000000214e-01,-9.615198790000000884e+00,1.339873019000000021e+01,3.999759580000000203e-01,3.001137921999999847e+00,-1.061202935999999966e+02,1.992890490999999997e+02,5.758527703999999581e+00,3.831050068999999780e+01,-2.571775852000000029e+01,5.169356689999999865e+00,-3.680840293999999790e+00,3.774111948999999910e+00,1.000000000000000000e+00
2.681252489999999877e+00,1.491319003000000087e+00,1.797906741999999891e+00,8.087230463999999230e+00,2.480286740000000045e-01,-9.181645480000000248e-01,1.187333307999999921e+00,-3.855169099999999904e-02,4.288791989999999887e-01,-1.058371563999999942e+01,-9.024929445999999800e+00,-9.745130416000000295e+00,1.896355060000000092e-01,-3.523119989999999868e-01,2.567271818000000039e+00,1.036842991000000103e+00,7.391701849999999796e-01,-1.745100047000000032e+01,2.845722693000000092e+01,6.667506500000000558e-02,5.656099735999999822e+00,-8.945426125000000184e+01,7.423772938000000465e+01,5.224428063000000400e+00,2.153873510000000024e+01,-3.019642761000000064e+01,2.890854593999999977e+01,-3.567020911000000183e+00,6.297235106999999665e+00,1.000000000000000000e+00
2.015201574000000218e+00,1.560807124999999962e+00,1.291127866999999929e+00,1.073973303000000001e+01,2.347209919999999894e-01,-3.328720332000000059e+00,3.035027307000000008e+00,-8.791770000000000140e-02,6.010866710000000168e-01,-1.105984527000000028e+01,-8.657663626999999806e+00,-9.798411756000000139e+00,2.407231400000000021e-01,-2.031925062000000004e+00,1.579721544999999949e+00,3.668495769999999823e-01,5.233414769999999994e-01,-1.339103833999999971e+01,1.781758400000000009e+01,3.957736829999999872e-01,4.872367772999999680e+00,-1.102849324999999965e+02,2.180486162999999920e+02,5.486668877999999694e+00,3.240728791000000086e+01,-2.598692727999999974e+01,1.999606921999999898e+01,-3.175109922999999945e+00,4.595359309000000003e+00,1.000000000000000000e+00
2.094587923999999823e+00,1.662359327000000109e+00,1.260009127000000007e+00,8.373025650000000653e+00,2.307692309999999913e-01,-1.574338170000000092e+00,1.434968567000000084e+00,5.231510600000000011e-02,3.398183000000000176e-01,-1.125843200000000088e+01,-8.512910650000000246e+00,-9.788527093000000789e+00,2.602991709999999959e-01,-1.596469823000000066e+00,1.360199466999999940e+00,-8.343967700000000376e-02,5.305628829999999851e-01,-2.200443866000000170e+01,3.216577429000000166e+01,-1.663496349999999957e-01,7.197499256999999595e+00,-6.817497539000000017e+01,7.968091986000000304e+01,5.855516137999999593e+00,1.759565171999999933e+01,-3.169180960999999996e+01,1.171165294000000046e+01,-4.003673567999999960e+00,4.884177270000000348e+00,1.000000000000000000e+00
1.167141876999999939e+00,7.965490170000000258e-01,1.465248029000000063e+00,7.234752455999999832e+00,1.020793950000000033e-01,-1.052150775000000094e+00,3.131928060999999985e+00,6.773685399999999912e-02,3.252723980000000181e-01,-1.081400447000000042e+01,-8.861035578999999274e+00,-9.808989760999999419e+00,2.230116779999999910e-01,-6.944554010000000277e-01,1.194511142000000081e+00,3.042911269999999946e-01,2.182388939999999888e-01,-1.682294003000000160e+01,3.336207988999999685e+01,2.020736200000000093e-01,4.649960165000000423e+00,-1.001163348999999982e+02,1.994788587000000035e+01,2.973779670000000208e-01,1.946920532000000037e+01,-2.360179298999999986e+01,1.251168230999999942e+01,-2.994216719999999832e+00,3.095004149999999843e+00,1.000000000000000000e+00
1.556294564999999963e+00,2.157594707999999972e+00,7.213099659999999691e-01,1.113737472999999945e+01,9.972552599999999490e-02,-2.253241597999999790e+00,1.605442115000000003e+00,-7.206884099999999460e-02,6.767771769999999520e-01,-1.319465261999999939e+01,-7.570221837000000065e+00,-9.767098041000000563e+00,6.646748649999999481e-01,-2.820888604999999938e+00,1.437959331000000063e+00,-2.905365189999999931e-01,6.846253629999999868e-01,-2.692424543999999997e+01,3.995671450999999763e+01,1.652923309999999868e-01,8.911744999999999806e+00,-4.993879189999999824e+01,3.793733132999999924e+01,5.447437979000000041e+00,9.918853585000000805e+00,-2.038672169000000167e+01,2.885620756999999870e+01,-3.441174113000000201e+00,5.893741867000000134e+00,1.000000000000000000e+00
1.588127250000000101e+00,9.406447289999999573e-01,1.688339073000000079e+00,7.734560691999999626e+00,1.492537310000000006e-01,-2.215557970999999959e+00,2.011587866000000169e+00,-2.492509509999999984e-01,7.955883900000000342e-01,-1.236142575999999949e+01,-6.327260318000000439e+00,-9.707880576000000872e+00,4.313506610000000241e-01,-3.090057364999999834e+00,1.518709958999999943e+00,-7.780054440000000460e-01,9.694369980000000497e-01,-4.381458512999999755e+01,5.914246556999999882e+01,-5.628548859999999987e-01,1.119910355999999929e+01,-1.250518297999999930e+02,7.680978641999999468e+01,-1.815092032999999994e+00,2.859043551999999977e+01,-2.889544526999999974e+01,3.277410840999999664e+01,-2.742108683000000102e+00,8.498479802000000305e+00,1.000000000000000000e+00
5.880904185000000339e+00,1.481621534000000073e+00,3.969235091999999909e+00,1.501755514000000069e+01,1.403209290000000109e-01,-3.686415706000000014e+00,4.952705184000000038e+00,2.113966857999999949e+00,2.643950718999999783e+00,-1.007468760999999979e+01,-8.093605537000000183e+00,-8.983600330999999883e+00,3.179132929999999857e-01,-9.636241610000000346e-01,4.665591840000000268e+00,1.536297169999999990e-01,1.305372776000000012e+00,-4.554922824999999875e+01,2.107751676000000174e+01,6.055876200000000209e-02,5.938667109999999916e+00,-2.560144985000000162e+01,5.272665931000000228e+01,5.642049645000000169e+00,6.737969022999999780e+00,-5.217854300999999850e+01,3.235540145000000223e+01,-4.005256010000000089e+00,7.272528836000000219e+00,1.000000000000000000e+00
8.444724780000000264e-01,6.743257129999999933e-01,1.252321334999999980e+00,4.524130139999999578e+00,1.179775279999999982e-01,-1.717894841999999977e+00,-1.300982340000000015e+00,-1.498276378999999991e+00,1.097829409999999950e-01,-1.020568306999999919e+01,-9.300677887000000865e+00,-9.715112731999999696e+00,1.523701670000000008e-01,-3.176191369999999958e-01,4.240903349999999850e-01,7.283006399999999991e-02,1.884603970000000017e-01,-1.137974954999999966e+01,7.170464159999999865e+00,-5.328438399999999575e-01,3.893239801000000000e+00,-1.473461279999999984e+00,1.213451492000000087e+01,4.980848393999999679e+00,3.512089405999999858e+00,-1.238642798999999961e+01,2.223454149999999796e+00,-3.371896764000000157e+00,3.140568632999999998e+00,5.000000000000000000e+00
1.003400185999999916e+00,6.519915670000000496e-01,1.538977245999999965e+00,3.995514378999999838e+00,4.626865669999999930e-01,-1.396686788000000012e+00,-7.058203039999999540e-01,-1.105329588000000030e+00,2.291458710000000010e-01,-1.010399710000000084e+01,-9.277349927999999579e+00,-9.757935417000000555e+00,9.590241800000000316e-02,-1.698753950000000124e-01,4.031549870000000202e-01,1.905608819999999870e-01,1.023612150000000054e-01,-3.865454999999999863e+00,4.359145999999999965e+00,-3.927142379999999933e-01,1.978910933000000094e+00,1.016349750000000052e+00,1.150645448000000037e+01,4.283144230999999635e+00,2.916562464000000077e+00,-1.023307791000000044e+01,1.161732930000000108e+00,-4.918367243999999694e+00,2.800296889999999816e+00,5.000000000000000000e+00
8.900771579999999794e-01,9.588302760000000369e-01,9.282947980000000321e-01,7.025925539000000164e+00,1.400000000000000133e-01,-1.691576117999999962e+00,-7.931506130000000043e-01,-1.128830430999999912e+00,2.241372359999999897e-01,-1.024336669999999927e+01,-8.902906274999999425e+00,-9.742657281999999697e+00,1.586623030000000045e-01,1.016859799999999918e-02,7.566632920000000428e-01,2.675105899999999925e-01,1.904846450000000080e-01,-6.602004059999999619e+00,9.892059400000000835e+00,-6.512670480000000151e-01,2.999276537000000076e+00,-9.570954809999999924e+00,1.331586670000000083e+01,5.544644070000000369e+00,4.804817028000000434e+00,-1.264811983999999967e+01,-5.355256400000000250e-01,-4.319820091999999612e+00,2.824766572000000142e+00,5.000000000000000000e+00
2.487340550999999955e+00,6.720074085000000252e+00,3.701358820000000271e-01,3.335069115999999667e+01,3.782051280000000015e-01,-2.019363853000000208e+00,-1.171781334999999924e+00,-1.460863733999999914e+00,2.310016249999999882e-01,-1.003102246000000086e+01,-9.270172093999999419e+00,-9.717118333000000163e+00,8.735296900000000253e-02,1.429585190000000061e-01,5.413282839999999929e-01,4.410908080000000009e-01,5.794374100000000000e-02,-3.259825290000000209e+00,2.258134290000000099e+00,-2.444076950000000081e-01,1.330123069000000102e+00,-2.692197610000000019e+00,7.812860940000000198e+00,4.236351768999999656e+00,2.347960790000000131e+00,-1.159387553000000004e+01,-3.533766550000000173e+00,-5.759056628999999816e+00,1.963291651000000027e+00,5.000000000000000000e+00
1.242197176999999986e+00,5.016707339999999515e-01,2.476120477999999903e+00,4.237177387000000017e+00,5.854922280000000034e-01,-1.914687113000000052e+00,-1.552206516000000036e+00,-1.730592471000000021e+00,8.441804599999999659e-02,-9.979581315000000785e+00,-9.316828013000000297e+00,-9.683411727999999385e+00,1.029320360000000045e-01,3.403489430000000149e-01,6.160973840000000257e-01,4.629073040000000194e-01,6.139921400000000057e-02,-4.007516289999999870e+00,3.551639719999999834e+00,-7.926928999999999226e-03,1.534591478000000064e+00,-2.243583010000000044e+00,9.510119510000000886e+00,5.368927967000000301e+00,2.655075882999999859e+00,-6.681545660000000275e+00,3.467497399999999730e-01,-3.595418264000000086e+00,1.539420557999999994e+00,5.000000000000000000e+00
1.090780802999999910e+00,5.932657019999999504e-01,1.838604185999999974e+00,3.091041746000000146e+00,2.694610780000000205e-01,-2.110283078000000145e+00,-1.903322210000000014e+00,-1.968281603999999962e+00,5.402859699999999765e-02,-9.745105417999999631e+00,-9.460384684999999294e+00,-9.567753112000000115e+00,8.337582799999999905e-02,-2.428500369999999908e-01,-1.411640610000000073e-01,-1.810608529999999938e-01,3.117007499999999848e-02,-1.973796770000000089e+00,1.802042780000000066e+00,3.477837850000000119e-01,1.228682920000000012e+00,2.339762819999999799e+00,9.397965859999999338e+00,6.299908202000000124e+00,2.466359688999999911e+00,-1.567339220000000033e+00,7.280721500000000290e-01,-6.962792049999999566e-01,7.397286870000000514e-01,5.000000000000000000e+00
1.386218973000000076e+00,7.495553719999999975e-01,1.849388349999999903e+00,4.710001263999999743e+00,1.400000000000000133e-01,-3.097235197999999912e+00,-2.503867620999999932e+00,-2.786743203999999974e+00,1.184129540000000008e-01,-9.772620445999999461e+00,-9.064407531000000517e+00,-9.466660219999999626e+00,1.290757710000000058e-01,-3.379563320000000259e-01,2.548130929999999905e-01,7.631604999999999639e-03,9.574582399999999327e-02,-1.090870422000000062e+01,2.744133440000000146e+00,-7.697291240000000423e-01,3.107716241999999962e+00,3.446345500000000062e+00,1.401121932999999942e+01,6.325557804999999867e+00,2.325864029999999971e+00,-8.393758050000000637e+00,1.326224950000000069e+00,-3.779332353000000033e+00,2.041225859999999948e+00,5.000000000000000000e+00
1.914126862000000040e+00,1.161731446999999973e+00,1.647650037000000012e+00,5.486391643000000151e+00,1.768292680000000117e-01,-4.056672289999999848e+00,-2.846011021999999890e+00,-3.391851796000000085e+00,3.056674919999999851e-01,-9.526181492999999278e+00,-8.881372774000000803e+00,-9.264801115999999226e+00,1.219579320000000050e-01,-1.746606179999999897e-01,2.308869809999999911e-01,8.969812600000000302e-02,7.700301399999999463e-02,-3.738347529999999974e+00,1.536515752000000035e+01,1.365708907999999999e+00,3.451946974999999806e+00,2.646316130000000211e+00,1.510284818999999956e+01,7.621211853000000147e+00,2.790301663000000154e+00,-7.877851259999999911e+00,3.090775709999999954e+00,-7.304676669999999872e-01,1.819191373000000000e+00,5.000000000000000000e+00
1.492963479999999954e-01,1.209400430000000082e+00,1.234465809999999997e-01,1.224274304999999963e+01,4.115225999999999607e-03,-3.727688249999999925e+00,-2.065421617999999793e+00,-2.772895150000000086e+00,5.186918440000000130e-01,-9.781592738000000509e+00,-9.136185867000000016e+00,-9.461402375000000475e+00,1.520094859999999992e-01,-5.311596859999999642e-01,2.512241800000000053e-02,-2.355039730000000053e-01,1.434009149999999899e-01,-3.955177920000000125e+00,2.931056190000000061e+00,-4.641552599999999862e-02,1.682702420000000032e+00,1.263087779999999993e+00,1.711413698000000139e+01,7.654106409999999805e+00,4.152117266000000306e+00,-9.238648879999999508e+00,6.343231560000000435e+00,-1.730896626000000049e+00,4.458507049999999694e+00,5.000000000000000000e+00
1.288337878999999964e+00,5.871843469999999954e-01,2.194094386000000174e+00,3.441829428000000135e+00,2.647058820000000035e-01,-2.977604637999999859e+00,4.109309740000000044e-01,-7.450513899999999801e-01,1.124581677999999973e+00,-9.935318007999999423e+00,-9.362287626000000529e+00,-9.701309324000000345e+00,1.284158950000000021e-01,-5.389356730000000040e-01,1.070693509999999932e-01,-1.743838600000000016e-01,1.580869179999999929e-01,-5.532805930000000316e+00,4.037638870000000324e+00,-7.914034300000000188e-01,2.579501339000000115e+00,-9.234493860000000609e+00,2.274425021000000058e+01,2.737750183999999809e+00,8.081072083000000461e+00,-2.300364018999999871e+01,-3.406659079999999840e+00,-1.362420997999999983e+01,5.971208257999999880e+00,5.000000000000000000e+00
4.292031850999999953e+00,1.505909882999999994e+01,2.850125299999999862e-01,7.075395810000000552e+01,2.669902909999999907e-01,-8.158804189999999679e-01,6.579681000000000418e-03,-4.612665120000000174e-01,1.556468179999999923e-01,-1.012373614000000011e+01,-9.325202151999999245e+00,-9.775931123999999528e+00,1.077323159999999946e-01,1.064711983999999889e+00,1.611423642999999961e+00,1.323012258999999968e+00,9.077161100000000205e-02,-4.777638020000000374e+00,4.531114930000000207e+00,2.879072189999999920e-01,1.865251806000000068e+00,-7.006374680000000410e+00,1.391401950000000021e+01,5.092690603000000316e+00,3.233756654000000008e+00,-1.027793937000000035e+01,3.262744640000000196e+00,-3.623826543999999927e+00,2.600436547000000154e+00,5.000000000000000000e+00
2.771146809000000211e+00,6.959246497999999725e+00,3.981963869999999850e-01,2.700138559999999899e+01,3.012048190000000125e-01,-7.817857099999999670e-01,4.402404610000000273e-01,-1.635307029999999995e-01,2.662076709999999791e-01,-1.040905502999999932e+01,-9.215142036999999675e+00,-9.771013196000000178e+00,1.878597280000000036e-01,7.883653900000000547e-01,2.062430854000000036e+00,1.353743069999999937e+00,2.550275000000000181e-01,-2.480080299999999838e+01,1.085658079000000065e+01,9.586138399999999393e-02,5.524446141000000310e+00,-1.735153130000000044e+00,1.752536703000000173e+01,5.586473054999999910e+00,3.481510300000000058e+00,-1.159387553000000004e+01,7.389998959999999784e+00,-3.189543312000000075e+00,3.407430488000000146e+00,5.000000000000000000e+00
7.650638330000000265e-01,1.262646420000000047e+00,6.059208830000000212e-01,9.726593260999999657e+00,5.614035099999999806e-02,-5.688433130000000171e-01,6.442105660000000400e-01,-4.455219800000000119e-02,2.473120960000000090e-01,-1.073863721999999932e+01,-8.994423654000000212e+00,-9.777305668000000338e+00,2.336037159999999890e-01,8.571529620000000183e-01,1.548617598999999956e+00,1.251867142999999905e+00,1.312370609999999882e-01,-1.395180659000000034e+01,1.538011133999999913e+01,6.137233530000000270e-01,4.569777621000000067e+00,-8.584002690000000158e+00,1.239620676999999915e+01,3.856626469000000057e+00,4.500291013000000007e+00,-1.175836754999999911e+01,1.024617858000000048e+01,-3.203972319000000013e+00,4.572138687999999895e+00,5.000000000000000000e+00
4.637209054000000386e+00,1.043738010999999943e+01,4.442886050000000031e-01,3.910161847999999907e+01,7.242339829999999701e-01,-5.849934380000000322e-01,2.793373579999999801e-01,-2.128676280000000032e-01,1.550842000000000054e-01,-1.026131127999999926e+01,-8.871802329999999515e+00,-9.770751218999999210e+00,1.637932219999999883e-01,8.727049350000000150e-01,1.757971079000000048e+00,1.303597847999999892e+00,1.815779819999999989e-01,-1.063205855000000000e+01,7.933108980000000088e+00,2.632100580000000245e-01,3.259265844999999828e+00,3.957662200000000019e-01,1.638887671000000168e+01,5.307831576999999967e+00,3.023365735000000054e+00,-8.266650580000000303e+00,2.709453299999999842e+00,-3.441081081000000097e+00,1.862594483999999939e+00,5.000000000000000000e+00
1.006025412999999924e+00,1.630049317000000109e+00,6.171748320000000065e-01,9.457062148000000334e+00,8.717948699999999995e-02,-7.088110680000000441e-01,1.812402979999999941e-01,-4.628762339999999975e-01,1.596110400000000096e-01,-1.106582679999999996e+01,-8.345427865999999639e+00,-9.734746142000000546e+00,4.223222990000000121e-01,7.476910000000000500e-02,2.447043105000000107e+00,1.110171596999999899e+00,6.363803949999999876e-01,-3.624047529999999995e+01,2.885350315999999893e+01,1.949426062999999987e+00,1.000685116000000008e+01,-4.284779440000000328e+00,1.169337722999999940e+01,4.532978869999999993e+00,2.778621419999999897e+00,-8.655449900000000696e+00,1.685116630000000004e+00,-4.074781391000000141e+00,2.139729175999999899e+00,5.000000000000000000e+00
1.307826232000000033e+00,2.132356525000000058e+00,6.133243750000000327e-01,1.217565856999999951e+01,1.343283580000000088e-01,-1.095815930000000105e+00,-7.835801700000000203e-02,-6.648774629999999464e-01,2.175976759999999899e-01,-1.039469936000000061e+01,-9.133793256000000582e+00,-9.722915537000000441e+00,1.926660070000000002e-01,3.361618740000000272e-01,3.288045942000000110e+00,1.537295799000000018e+00,6.052014460000000318e-01,-6.123481820000000297e+00,2.150370063000000087e+01,2.060019806000000120e+00,4.311637756999999738e+00,-1.221030404000000047e+01,1.700198333000000162e+01,5.192492286000000234e+00,4.554864060999999964e+00,-1.021064718000000049e+01,6.597446500000000214e+00,-4.155928644000000283e+00,2.535826276999999962e+00,5.000000000000000000e+00
5.724122710000000280e-01,9.372879790000000488e-01,6.107112049999999792e-01,8.033259793999999232e+00,5.333333299999999666e-02,-8.224601000000000273e-01,1.417622139999999975e-01,-1.972901750000000121e-01,1.909648469999999931e-01,-1.054483570999999920e+01,-9.193608535999999276e+00,-9.761479432999999872e+00,2.454224349999999943e-01,1.973904240000000088e-01,2.019962006000000088e+00,9.113542940000000092e-01,4.799976499999999979e-01,-1.983613476000000020e+01,1.499131202000000052e+01,-4.744465780000000077e-01,8.566311625999999180e+00,2.462280199999999919e-01,1.768238214000000141e+01,6.146387189000000362e+00,4.345590685000000342e+00,-1.439771677999999966e+01,1.208549844000000029e+01,-3.161591867999999916e+00,4.186014505000000163e+00,5.000000000000000000e+00
2.978575569999999950e-01,1.797214617000000070e+00,1.657328819999999980e-01,4.007974394000000018e+01,2.995720400000000117e-02,-1.697557645999999920e+00,-3.104413030000000018e-01,-1.111740758000000051e+00,1.625606619999999947e-01,-1.033608038000000029e+01,-8.762938520000000509e+00,-9.742416248999999695e+00,1.908504659999999964e-01,5.933675779999999511e-01,1.966726406000000038e+00,1.227150417999999910e+00,1.888968679999999956e-01,-2.412040418999999858e+01,1.232205515000000062e+01,4.977763579999999743e-01,3.381112787999999814e+00,-2.198721550000000136e+00,1.818333511000000158e+01,5.475224372999999645e+00,3.056184016000000003e+00,-1.635666720000000041e+01,3.995481820000000184e+00,-3.622634709000000175e+00,2.412851052999999801e+00,5.000000000000000000e+00
1.350542630000000077e+00,1.263492873999999988e+00,1.068896118999999922e+00,1.002983543000000033e+01,3.732057420000000070e-01,-1.851881069000000046e+00,-8.463862119999999711e-01,-1.293812981999999945e+00,1.937266360000000076e-01,-1.058491195000000040e+01,-8.907691498000000152e+00,-9.686140143999999452e+00,2.165522189999999902e-01,6.501920939999999982e-01,2.250848985999999829e+00,1.519076842000000038e+00,3.650533069999999936e-01,-2.283437567000000001e+01,1.720447738000000015e+01,9.362650350000000232e-01,5.466137601999999873e+00,-1.079716804999999979e+01,1.036248724999999915e+01,4.114318109000000057e+00,4.084903525999999729e+00,-6.584345830000000177e+00,2.612253470000000188e+00,-3.301361786999999826e+00,1.727686293000000095e+00,5.000000000000000000e+00
1.280929296999999911e+00,2.014638689999999954e+00,6.358109290000000247e-01,9.951707178999999570e+00,2.341920369999999918e-01,-2.075590216000000154e+00,-1.280645145000000040e+00,-1.736175961000000045e+00,1.525720170000000042e-01,-1.037316586000000029e+01,-9.135587713999999693e+00,-9.690181195999999275e+00,1.894151870000000126e-01,7.064184570000000551e-01,1.396686788000000012e+00,1.085248959999999929e+00,1.211367710000000042e-01,-1.263587043000000065e+01,6.063881480000000046e+00,6.252406100000000577e-02,2.496418209999999860e+00,-2.370690479999999933e+00,1.958899419000000108e+01,5.957591329999999630e+00,3.886701136000000112e+00,-9.605017469999999946e+00,3.187975540000000052e+00,-3.384139161999999867e+00,2.635125704000000013e+00,5.000000000000000000e+00
1.396680861000000107e+00,3.398433277000000086e+00,4.109778669999999967e-01,1.429798538999999913e+01,9.836065600000000464e-02,-2.006204491000000090e+00,-7.315408740000000076e-01,-1.403175083999999906e+00,2.747574400000000194e-01,-1.142770924000000043e+01,-8.681589738999999639e+00,-9.722414380000000023e+00,4.934819220000000173e-01,3.744436529999999874e-01,2.376461073999999840e+00,1.176837941999999915e+00,4.396279519999999885e-01,-3.348897242000000318e+01,3.482755424999999860e+01,1.093467095999999916e+00,1.213453505999999926e+01,-3.350165689999999863e+00,1.834035022000000126e+01,5.927675776000000063e+00,4.724823802000000406e+00,-1.027793937000000035e+01,8.399381809999999504e+00,-2.938763744000000067e+00,4.138808903000000150e+00,5.000000000000000000e+00
2.224165998000000144e+00,2.556181730000000041e+00,8.701126259999999446e-01,8.379802872999999153e+00,5.448028670000000240e-01,-1.376947745999999917e+00,-5.921712700000000135e-02,-7.376311570000000373e-01,4.074221789999999954e-01,-1.077213378000000077e+01,-9.074576129000000435e+00,-9.714887826000000004e+00,2.728594180000000202e-01,4.803166979999999864e-01,2.095927410999999907e+00,1.526739706999999946e+00,2.789330070000000106e-01,-2.207920775999999918e+01,1.870733629000000064e+01,-3.904817769999999744e-01,7.152658704000000256e+00,-3.380073330000000098e+00,1.181300779000000034e+01,4.211913112000000403e+00,3.096467168999999853e+00,-1.951940013000000107e+01,4.832895739999999662e+00,-4.940875697000000066e+00,4.590576706000000229e+00,5.000000000000000000e+00
5.757657379999999714e-01,7.747820450000000303e-01,7.431325260000000155e-01,1.014345697000000079e+01,4.819277100000000230e-02,-2.360310949000000047e+00,-1.281841449999999938e+00,-1.729588222000000064e+00,2.194752550000000080e-01,-1.111427718000000020e+01,-8.503340205000000651e+00,-9.597404256000000800e+00,3.835646739999999943e-01,9.696056889999999928e-01,2.463193229999999900e+00,1.711341519999999949e+00,2.984048970000000023e-01,-3.228518990999999971e+01,1.389968316000000037e+01,-2.896376999999999979e-02,7.940627093999999886e+00,-1.126636599999999988e-01,1.595521592999999960e+01,6.415946042999999932e+00,3.283189005000000105e+00,-1.222193597000000054e+01,4.645972989999999747e+00,-2.854406904000000189e+00,3.757354712000000152e+00,5.000000000000000000e+00
5.392944530000000070e-01,8.909496399999999872e-01,6.053029580000000021e-01,9.180851285999999334e+00,4.602510499999999671e-02,-1.917677877000000031e+00,-4.581850450000000130e-01,-1.044678078000000010e+00,3.746478440000000076e-01,-1.130867684000000040e+01,-8.327483281999999321e+00,-9.623631957000000625e+00,4.909868030000000272e-01,1.565365877999999933e+00,2.915994899999999834e+00,2.037788643999999927e+00,2.828861449999999778e-01,-2.424751166000000069e+01,2.734316734000000082e+01,-2.582408319999999757e-01,9.202876420000000834e+00,-5.645577059999999925e+00,1.584306227999999983e+01,5.536352461999999974e+00,4.549017207000000340e+00,-1.299953460999999955e+01,1.055273189000000045e+01,-2.531097122999999893e+00,5.345346351999999968e+00,5.000000000000000000e+00
1.131429669999999971e-01,1.953150442000000098e+00,5.792844500000000202e-02,3.382974721000000073e+01,3.344482000000000184e-03,-9.534555630000000059e-01,-6.184899950000000146e-01,-7.577613180000000170e-01,4.533825600000000039e-02,-1.020149600000000056e+01,-9.373652528999999234e+00,-9.756499126999999660e+00,1.045985180000000014e-01,1.309954630000000064e-01,6.274622869999999519e-01,3.410250420000000005e-01,7.849358100000000671e-02,-3.327117480000000072e+00,6.961110679999999995e+00,2.176580160000000097e-01,1.452009804000000015e+00,2.982777079999999970e+00,6.250186750000000124e+00,4.858252989000000355e+00,7.176320400000000266e-01,-5.664685900000000274e+00,-1.956138539999999981e+00,-3.587968851999999931e+00,6.174834900000000237e-01,5.000000000000000000e+00
1.892240291000000019e+00,6.605361935000000351e+00,2.864703419999999889e-01,3.408891218000000123e+01,8.026755900000000221e-02,-1.364984690000000001e+00,-7.608503620000000023e-01,-1.068120103000000043e+00,1.117063449999999986e-01,-1.040127904000000036e+01,-9.316229859999999974e+00,-9.741401600999999744e+00,1.539578799999999914e-01,-2.243072999999999873e-01,3.576953740000000104e-01,7.544712000000000640e-02,9.875742099999999801e-02,-1.099095022999999927e+01,1.072199640999999914e+01,3.529162399999999922e-01,3.345267033999999917e+00,-9.055048019999999198e+00,1.315885158999999938e+01,4.583342728999999949e+00,4.070267607999999981e+00,-5.604870619999999803e+00,1.221548209999999912e+00,-3.148050926999999888e+00,1.461640682999999941e+00,5.000000000000000000e+00
5.329892600000000341e-02,1.189414219999999967e+00,4.481107100000000093e-02,2.659616388999999970e+01,2.004007999999999831e-03,-1.068899054000000071e+00,-7.775986400000000076e-01,-9.307873909999999640e-01,5.363852000000000203e-02,-1.031873395000000038e+01,-9.353315333999999481e+00,-9.746726088000000843e+00,8.573853700000000355e-02,-3.732473470000000071e-01,6.340419699999999548e-02,-1.638401349999999979e-01,1.044339479999999987e-01,-3.783208989999999883e+00,6.617172820000000399e+00,2.920984870000000178e-01,1.388264096999999975e+00,1.375241429999999987e+00,7.887630040000000342e+00,4.740002489000000097e+00,1.014046071000000104e+00,-6.023577580000000431e+00,-1.387893379999999954e+00,-3.496003103000000056e+00,6.397294700000000223e-01,5.000000000000000000e+00
1.012540742999999965e+00,1.721658608999999895e+00,5.881193510000000124e-01,1.255552355999999925e+01,1.763527049999999985e-01,-1.058730455999999931e+00,-1.465474360000000031e-01,-7.844192009999999549e-01,1.999257999999999869e-01,-1.092466274000000048e+01,-8.831127938999999927e+00,-9.748980760000000245e+00,2.214354199999999939e-01,-7.046239979999999736e-01,1.770532290000000064e-01,-1.919856859999999887e-01,1.649240060000000119e-01,-2.195957719999999824e+01,1.770543035000000032e+01,-1.009763050000000023e-01,4.969044814000000088e+00,-8.868125270000000171e+00,2.248255835999999874e+01,4.926849587999999613e+00,4.349870930999999885e+00,-1.104806109999999997e+01,1.327432712999999964e+01,-3.757719613999999986e+00,3.404262541000000031e+00,5.000000000000000000e+00
1.994544290999999969e+00,4.929406343000000135e+00,4.046216020000000246e-01,1.957174125999999958e+01,2.174999999999999989e-01,-1.555795432999999894e+00,-7.076147619999999527e-01,-1.010623510000000058e+00,2.680222039999999861e-01,-9.979581315000000785e+00,-9.514816590000000573e+00,-9.740439319000000040e+00,5.903516200000000214e-02,-2.392611199999999938e-01,6.639496100000000234e-02,-7.978243200000000035e-02,6.756458899999999435e-02,-2.250442440000000044e+00,4.755422229999999750e+00,-2.794678299999999935e-02,1.142753357999999997e+00,1.808902210000000066e+00,9.779288270000000338e+00,5.440351856000000375e+00,1.425725616999999890e+00,-1.012840117000000006e+01,-1.971092360000000099e+00,-4.295587643000000178e+00,1.836024389999999951e+00,5.000000000000000000e+00
5.452416749999999812e-01,4.533656130000000006e-01,1.202653355000000035e+00,4.567275882999999759e+00,8.500000000000000611e-02,-9.044070339999999986e-01,-5.084298800000000007e-01,-7.816133600000000348e-01,7.790044699999999767e-02,-1.012971766999999979e+01,-9.564463271999999350e+00,-9.760064307000000383e+00,7.888103800000000054e-02,-3.499193879999999979e-01,1.495381999999999961e-02,-1.121854669999999971e-01,6.186029099999999781e-02,-6.878649730000000240e+00,4.202130890000000285e+00,-3.050201579999999857e-01,1.770927716999999957e+00,2.481824109999999806e+00,6.945539379999999596e+00,5.080272107999999953e+00,9.692002760000000272e-01,-7.885328170000000192e+00,-2.449614599999999864e+00,-4.224081769999999736e+00,1.301838185000000037e+00,5.000000000000000000e+00
5.777856019999999537e-01,7.238649879999999870e-01,7.981952599999999620e-01,9.611326839000000177e+00,1.137123750000000044e-01,-8.810790739999999621e-01,-5.879842020000000113e-01,-7.312375859999999950e-01,4.723339700000000335e-02,-1.003162060999999916e+01,-9.478927421999999936e+00,-9.755107205999999920e+00,7.662659500000000568e-02,-3.044597749999999881e-01,-1.914089000000000068e-02,-1.433713289999999918e-01,5.984952400000000117e-02,-4.014993200000000151e+00,4.052592689999999997e+00,-3.881458499999999867e-02,1.293084064999999949e+00,3.266899659999999983e+00,7.050216119999999975e+00,5.062516454999999915e+00,6.594787779999999877e-01,-4.827271979999999907e+00,-1.926230899999999968e+00,-3.541791064999999961e+00,4.911403560000000001e-01,5.000000000000000000e+00
5.123998220000000048e-01,1.170499351999999993e+00,4.377617309999999873e-01,1.305615616999999951e+01,7.000000000000000666e-02,-8.254508640000000064e-01,-5.365430620000000150e-01,-6.925105590000000255e-01,4.982464300000000179e-02,-9.954458898000000389e+00,-9.489694172000000094e+00,-9.751997691999999773e+00,5.835979399999999956e-02,-4.420349190000000261e-01,-7.118018299999999410e-02,-2.479900959999999932e-01,8.701238799999999607e-02,-2.429888280000000123e+00,5.346098119999999732e+00,1.519690039999999909e-01,1.259062952999999929e+00,3.678129709999999886e+00,6.975447019999999831e+00,5.163458012000000430e+00,6.485969649999999698e-01,-4.961856359999999633e+00,-2.778598639999999786e+00,-3.715662451000000033e+00,4.363993449999999941e-01,5.000000000000000000e+00
3.950934183999999849e+00,9.544341998000000160e+00,4.139556380000000146e-01,3.292158641000000330e+01,3.043478259999999880e-01,-1.677220450999999946e+00,-1.143668153999999992e+00,-1.445536495000000032e+00,6.940481399999999523e-02,-1.037017509000000004e+01,-9.385615585000000038e+00,-9.706830377999999371e+00,1.228010320000000044e-01,-3.834159449999999802e-01,1.932033539999999938e-01,1.557387699999999986e-02,1.213367620000000008e-01,-6.422558219999999984e+00,1.200802492999999949e+01,-5.258894900000000289e-02,2.910237481999999876e+00,2.593977760000000021e+00,1.214199183000000026e+01,5.583183192999999989e+00,1.501492712999999979e+00,-5.956285389999999680e+00,-9.916171499999999472e-01,-3.582924601000000209e+00,8.257444139999999821e-01,5.000000000000000000e+00
7.306246739999999740e-01,1.107743377999999890e+00,6.595613110000000390e-01,6.460889687999999964e+00,1.407035179999999996e-01,-1.552206516000000036e+00,-1.198698210999999958e+00,-1.445710078999999926e+00,5.638053099999999762e-02,-9.818678212000000016e+00,-9.402363862999999711e+00,-9.695133158000000861e+00,6.287395599999999474e-02,-4.587831980000000032e-01,-7.835801700000000203e-02,-2.771264640000000168e-01,8.500560199999999955e-02,-2.250442440000000044e+00,4.089977239999999625e+00,3.526264250000000211e-01,1.315053934999999896e+00,-1.546382999999999959e-02,6.938062470000000204e+00,4.946144239999999748e+00,1.339628951999999984e+00,-5.948808480000000287e+00,-2.479522240000000100e+00,-3.764351931000000206e+00,6.958607610000000498e-01,5.000000000000000000e+00
2.047625361999999782e+00,5.569958914999999955e+00,3.676194729999999744e-01,2.887104117000000159e+01,3.006012020000000118e-01,-1.742419106000000051e+00,-7.805894039999999867e-01,-1.450091408000000026e+00,1.207926790000000000e-01,-1.007050053999999939e+01,-9.436458572999999461e+00,-9.700182219000000217e+00,7.625692000000000581e-02,-3.277877339999999973e-01,2.201202300000000001e-01,-1.966057290000000068e-01,1.061929939999999989e-01,-1.022082849999999965e+01,7.940585890000000369e+00,-5.412859300000000262e-02,2.443779741000000172e+00,-1.624783543999999935e+01,1.878148790999999918e+01,5.060194142000000284e+00,3.777565826000000015e+00,-8.034866369999999591e+00,3.928189629999999877e+00,-3.499949663000000211e+00,1.421170027999999919e+00,5.000000000000000000e+00
3.239672141999999866e+00,7.684897637999999809e+00,4.215634730000000219e-01,2.628531596999999920e+01,1.950000000000000067e-01,-1.699950258000000103e+00,-1.406855385999999930e+00,-1.546143883000000052e+00,5.655885699999999711e-02,-9.899428840000000562e+00,-9.513022130999999604e+00,-9.692293087999999557e+00,5.961907400000000107e-02,-2.404574260000000019e-01,-3.409471000000000029e-02,-1.341712489999999924e-01,4.801644099999999998e-02,-2.586903389999999803e+00,3.192748040000000120e+00,1.954892659999999949e-01,1.211240931999999937e+00,4.179082679999999606e+00,8.822243789999999919e+00,5.488587429999999934e+00,7.937143290000000517e-01,-6.195546509999999785e+00,-2.270168759999999786e+00,-3.863130771999999880e+00,8.796638580000000207e-01,5.000000000000000000e+00
9.109517200000000203e-01,8.183624369999999981e-01,1.113139703000000091e+00,4.272641349999999782e+00,3.612040129999999905e-01,-2.107292313999999944e+00,-1.580319698000000050e+00,-1.885955502000000061e+00,1.070105429999999996e-01,-9.822267129000000097e+00,-9.213347578000000482e+00,-9.604179604000000481e+00,7.573567700000000125e-02,-1.166996112999999946e+00,-1.740624649999999995e-01,-7.171007219999999682e-01,3.642338359999999775e-01,-4.762684199999999812e+00,1.065470421999999928e+01,1.301807930999999918e+00,2.603609876999999795e+00,-4.217487249999999577e+00,7.005354660000000067e+00,4.876125006999999734e+00,2.029139597999999989e+00,-4.550626310000000174e+00,-1.283216640000000019e+00,-3.211034390000000016e+00,7.633070029999999839e-01,5.000000000000000000e+00
1.280526717999999953e+00,2.391040308000000003e+00,5.355521250000000455e-01,1.265652103999999945e+01,1.933333329999999961e-01,-1.632957143999999916e+00,-1.381134815000000016e+00,-1.524809765999999955e+00,4.213092300000000068e-02,-9.990946217999999490e+00,-9.441841948000000428e+00,-9.685989671999999828e+00,6.486190699999999643e-02,-4.827093100000000025e-01,-2.631872319999999932e-01,-3.568150420000000267e-01,3.698682500000000095e-02,-2.549518840000000175e+00,4.433915100000000109e+00,-3.250368499999999744e-02,8.851560250000000130e-01,5.527813299999999597e-01,7.184800499999999701e+00,5.164704162999999681e+00,1.042258098000000022e+00,-4.513241759999999658e+00,-2.561768250000000080e+00,-3.524705549000000104e+00,3.765059889999999854e-01,5.000000000000000000e+00
1.777282666000000066e+00,2.805652247999999904e+00,6.334650590000000525e-01,1.245518820999999932e+01,2.631578949999999750e-01,-1.315936159999999910e+00,-1.036598802000000097e+00,-1.172956625000000086e+00,4.650976300000000258e-02,-1.015424192999999953e+01,-9.169084270999999120e+00,-9.727424343999999223e+00,8.651834799999999492e-02,-3.427415540000000038e-01,-2.691687599999999930e-02,-1.786035759999999861e-01,4.872529600000000127e-02,-6.183297099999999880e+00,2.557210689999999786e+00,-2.826813910000000041e-01,1.291059731999999904e+00,1.936009679999999955e+00,7.543692179999999858e+00,5.244239237000000387e+00,9.034421430000000308e-01,-4.827271979999999907e+00,-2.165492019999999851e+00,-3.612900548999999906e+00,4.790094910000000095e-01,5.000000000000000000e+00
1.011824105000000085e+00,1.147782848999999938e+00,8.815466320000000522e-01,4.720271022000000372e+00,2.406015039999999938e-01,-1.415827678000000089e+00,-1.070693512000000069e+00,-1.271799311999999960e+00,7.067691199999999452e-02,-1.023798331999999967e+01,-9.468758824000000018e+00,-9.721872302999999604e+00,7.705994800000000311e-02,-2.607946210000000042e-01,1.477437420000000112e-01,-1.594649899999999940e-02,9.362183400000000100e-02,-5.794497780000000375e+00,6.587265180000000164e+00,1.054036799999999961e-02,1.617744241000000027e+00,7.247502599999999795e-01,1.877401100000000156e+01,5.602240574999999723e+00,2.901944573999999832e+00,-8.790034280000000422e+00,-1.529954669999999961e+00,-3.620422829999999870e+00,1.112628227999999941e+00,5.000000000000000000e+00
8.993293940000000042e-01,9.641615829999999887e-01,9.327579630000000233e-01,6.887743876000000043e+00,3.157894740000000144e-01,-1.588693837000000109e+00,-1.080862109999999987e+00,-1.372716320999999962e+00,7.774428699999999526e-02,-1.002982614999999988e+01,-9.413130613999999952e+00,-9.710174307999999144e+00,6.470799700000000321e-02,-2.805336629999999887e-01,7.775986399999999799e-02,-8.437129399999999946e-02,6.062536300000000156e-02,-2.265396260000000161e+00,6.684465010000000262e+00,2.309095439999999944e-01,1.243591493999999908e+00,1.255610869999999935e+00,1.379438893999999927e+01,5.720862708000000296e+00,2.155255951000000003e+00,-7.384375200000000028e+00,-2.337460950000000093e+00,-3.834427041000000091e+00,1.023889027000000063e+00,5.000000000000000000e+00
2.717024333999999985e+00,7.269013226000000216e+00,3.737817290000000070e-01,2.690447779000000139e+01,1.505016720000000030e-01,-2.508054689999999809e+00,-2.336384837000000214e+00,-2.408174966999999889e+00,3.213063900000000250e-02,-9.636839760999999172e+00,-9.457393920999999537e+00,-9.549659411000000375e+00,3.508047999999999722e-02,-1.949978129999999921e-01,-5.263744599999999746e-02,-1.191874210000000017e-01,2.659566699999999992e-02,-1.921458399999999900e+00,1.099213240000000091e+00,-4.881890199999999735e-02,6.261695699999999531e-01,4.194036500000000167e+00,6.242709839999999843e+00,5.305505498999999681e+00,4.669272110000000087e-01,-4.475857210000000030e+00,-1.784169609999999961e+00,-3.423024035000000076e+00,4.122213129999999781e-01,5.000000000000000000e+00
6.391246069999999557e-01,1.350755919000000027e+00,4.731606930000000211e-01,1.793638370000000037e+01,1.070234109999999988e-01,-1.795056552999999999e+00,-1.407453537999999948e+00,-1.576316285999999955e+00,8.356190700000000471e-02,-9.900026993000000886e+00,-9.448421629000000266e+00,-9.669316930000000809e+00,6.255048000000000552e-02,-6.041343279999999982e-01,-4.187069600000000169e-01,-4.985949000000000075e-01,3.653375899999999898e-02,-1.719581830000000089e+00,3.222655679999999911e+00,1.522783849999999883e-01,8.201802630000000205e-01,4.351051609999999847e+00,1.060922528000000042e+01,6.480938936000000261e+00,1.618191809000000037e+00,-5.806747190000000280e+00,-2.060815279999999916e+00,-3.831410753000000113e+00,6.733634630000000509e-01,5.000000000000000000e+00
1.475422090999999991e+00,2.279920949000000086e+00,6.471373889999999518e-01,9.506845431000000346e+00,2.399999999999999911e-01,-3.588916799999999796e+00,-2.128227662000000020e+00,-2.453208291000000152e+00,2.613279829999999859e-01,-1.005135965000000020e+01,-8.989638430999999485e+00,-9.508739020000000153e+00,1.519228629999999913e-01,-9.612315500000000457e-01,8.416009899999999933e-01,-3.032230309999999762e-01,6.682044050000000013e-01,-2.448677277999999902e+01,6.893818490000000132e+00,-2.037971826000000153e+00,6.828778179999999587e+00,-7.170866700000000371e+00,1.133448555000000013e+01,5.148511449999999989e+00,2.913904344000000091e+00,-1.536971508000000064e+01,7.315229859999999640e+00,-3.023904472999999982e+00,4.145444391999999922e+00,5.000000000000000000e+00
1.155043089999999939e+00,1.484575098999999954e+00,7.780294110000000041e-01,1.091487616999999943e+01,2.876254180000000216e-01,-2.505063926000000052e+00,-2.244269306000000075e+00,-2.360316017999999794e+00,3.821583700000000250e-02,-9.652391734000000056e+00,-9.405952779999999791e+00,-9.539663586999999723e+00,4.411802799999999664e-02,-6.322475100000000126e-01,-3.977716119999999966e-01,-5.297487889999999977e-01,5.311136100000000276e-02,-1.906504580000000004e+00,2.332903389999999799e+00,2.125868900000000006e-01,7.203551150000000458e-01,3.805237180000000219e+00,7.199754320000000263e+00,5.302034300999999950e+00,5.836797390000000307e-01,-4.685210689999999900e+00,-2.165492019999999851e+00,-3.491545241999999938e+00,4.633855940000000118e-01,5.000000000000000000e+00
2.082332090000000024e-01,4.091117320999999585e+00,5.089885999999999716e-02,8.058593534000000602e+01,2.004007999999999831e-03,-1.918276029999999910e+00,-9.331183680000000313e-01,-1.586129168000000034e+00,1.764810320000000099e-01,-1.032950070000000053e+01,-9.078165046000000515e+00,-9.676013203000000118e+00,1.148676269999999999e-01,-6.250696759999999630e-01,1.034804339999999961e-01,-3.322075879999999981e-01,1.482523219999999919e-01,-6.684250070000000044e+00,7.462063650000000159e+00,-8.727496199999999760e-02,1.973118675999999905e+00,-1.260658027000000025e+01,1.763004377000000034e+01,5.093783305999999733e+00,4.314565437999999808e+00,-7.743266880000000185e+00,1.822577200000000119e-01,-3.460287881000000176e+00,1.446602689000000108e+00,5.000000000000000000e+00
1.088661308000000050e+00,9.781622450000000413e-01,1.112965986999999934e+00,7.867973240000000423e+00,3.233333330000000005e-01,-2.043888117999999920e+00,-1.626975615999999958e+00,-1.865008326000000105e+00,7.171219600000000582e-02,-9.906606674000000723e+00,-9.304266803999999169e+00,-9.610855598000000555e+00,8.420905700000000382e-02,-8.739012409999999953e-01,-6.035361750000000081e-01,-7.373534330000000026e-01,6.445820600000000400e-02,-3.147671639999999993e+00,4.456345830000000063e+00,1.600584290000000021e-01,1.370064532000000002e+00,3.760375719999999866e+00,1.114008588999999994e+01,6.529831631999999608e+00,1.541806100999999929e+00,-5.059056189999999731e+00,-1.380416469999999896e+00,-3.329693374000000095e+00,8.221975259999999563e-01,5.000000000000000000e+00
9.982321709999999459e-01,8.309720029999999591e-01,1.201282554999999919e+00,6.559807179999999960e+00,2.575250840000000152e-01,-1.946987363999999943e+00,-1.594077211999999966e+00,-1.801266189999999989e+00,5.281691599999999848e-02,-9.919766035000000315e+00,-9.414925072000000839e+00,-9.622196844999999499e+00,7.342477899999999558e-02,-8.834716860000000338e-01,-6.071250919999999773e-01,-7.257097289999999701e-01,4.388613799999999815e-02,-4.448653979999999564e+00,4.082500330000000233e+00,9.481499699999999808e-02,1.229289772000000003e+00,2.653793040000000047e+00,1.035501033999999976e+01,5.382632856999999937e+00,1.076074873000000043e+00,-5.343178769999999744e+00,-1.843984889999999988e+00,-3.471311118000000029e+00,6.061427719999999963e-01,5.000000000000000000e+00
5.629517210000000160e-01,2.533259371000000204e+00,2.222242729999999999e-01,3.369284969000000274e+01,4.000000000000000083e-02,-5.903768139999999720e-01,-3.122357619999999723e-01,-4.348165330000000051e-01,6.108401200000000003e-02,-1.000171296999999981e+01,-9.468160670999999695e+00,-9.722028377999999194e+00,7.656377100000000269e-02,-8.774901579999999646e-01,-5.227855470000000171e-01,-7.275920519999999891e-01,8.481098800000000382e-02,-3.753301350000000092e+00,6.916249220000000086e+00,4.119394749999999994e-01,1.917897847000000100e+00,3.708037350000000121e+00,8.141844980000000120e+00,5.482060974999999559e+00,8.656046969999999785e-01,-5.051579280000000338e+00,-2.337460950000000093e+00,-3.694741887999999808e+00,6.570671940000000211e-01,5.000000000000000000e+00
4.727468309999999785e-01,1.128721059000000082e+00,4.188340660000000049e-01,1.276068178000000053e+01,1.049999999999999961e-01,-7.189796659999999617e-01,-3.750418059999999776e-01,-5.909167870000000544e-01,7.960409200000000129e-02,-9.923953105000000718e+00,-9.413728766000000192e+00,-9.749592472999999870e+00,5.913578299999999732e-02,-3.588916799999999907e-01,-4.426330700000000173e-02,-1.798294579999999976e-01,6.345115599999999467e-02,-2.631764850000000155e+00,2.893671639999999989e+00,-1.519078829999999936e-01,9.833452289999999874e-01,9.640113799999999733e-01,8.403536830000000180e+00,4.911138075000000214e+00,1.170448804999999926e+00,-6.105823589999999967e+00,-1.141155350000000013e+00,-3.617285225999999909e+00,9.323430529999999772e-01,5.000000000000000000e+00
